NOME_MUNICIPIO,2017,2018,2019,2020,2021,2022,2023,2024
Adamantina,57,43,41,28,37,51,45,37
Adolfo,5,13,8,5,9,2,6,4
Aguaí,90,63,73,36,57,51,48,44
Águas da Prata,8,5,9,6,0,6,3,10
Águas de Lindóia,33,40,30,9,6,17,26,23
Águas de Santa Bárbara,21,11,8,1,4,10,13,10
Águas de São Pedro,1,0,5,7,3,0,9,5
Agudos,142,90,90,25,42,43,55,63
Alambari,7,9,8,6,5,8,7,9
Alfredo Marcondes,2,6,3,3,1,0,5,8
Altair,11,5,4,6,5,3,2,0
Altinópolis,32,27,31,11,13,18,27,20
Alto Alegre,1,2,6,0,1,2,2,0
Alumínio,40,39,52,28,12,24,38,29
Álvares Florence,1,6,1,2,0,0,5,3
Álvares Machado,42,42,25,17,12,13,31,34
Álvaro de Carvalho,8,4,4,8,2,4,4,5
Alvinlândia,5,4,4,1,2,2,2,3
Americana,932,815,865,353,212,429,1072,802
Américo Brasiliense,106,89,98,58,40,63,67,47
Américo de Campos,11,17,7,5,1,10,1,4
Amparo,138,144,125,55,51,70,122,117
Analândia,14,9,11,8,8,11,9,9
Andradina,175,223,175,160,134,107,122,112
Angatuba,53,38,40,34,26,31,23,18
Anhembi,5,5,2,2,2,0,4,12
Anhumas,5,4,2,3,3,1,1,6
Aparecida,252,145,176,100,117,75,199,207
Aparecida d'Oeste,6,7,6,1,2,5,3,4
Apiaí,82,80,82,61,34,36,37,29
Araçariguama,87,57,68,35,50,60,83,72
Araçatuba,787,651,736,422,427,403,555,545
Araçoiaba da Serra,68,80,49,40,38,46,87,67
Aramina,17,12,5,8,9,11,17,10
Arandu,9,6,3,5,3,3,4,4
Arapeí,2,2,1,0,1,1,0,0
Araraquara,837,624,612,314,339,376,714,706
Araras,388,331,295,152,113,217,383,356
Arco-Íris,1,0,0,1,2,0,1,3
Arealva,11,14,11,2,8,12,11,8
Areias,1,2,3,0,2,2,2,2
Areiópolis,21,12,10,2,7,9,8,17
Ariranha,7,8,11,10,6,14,3,6
Artur Nogueira,178,177,179,110,99,113,182,136
Arujá,365,355,366,183,165,278,402,422
Aspásia,0,0,0,1,1,0,2,1
Assis,363,287,228,161,167,169,272,265
Atibaia,595,552,483,259,182,233,492,431
Auriflama,24,24,26,18,11,15,17,12
Avaí,3,6,7,2,5,2,5,5
Avanhandava,12,18,13,14,7,13,17,23
Avaré,340,273,340,74,73,121,212,234
Bady Bassitt,30,50,50,26,25,19,29,24
Balbinos,2,1,2,0,1,1,3,1
Bálsamo,20,28,17,10,10,13,17,28
Bananal,8,7,10,6,4,3,6,15
Barão de Antonina,4,0,1,1,1,0,3,0
Barbosa,15,17,16,13,15,10,10,14
Bariri,98,101,86,56,43,44,76,43
Barra Bonita,110,102,89,39,38,37,68,67
Barra do Chapéu,0,0,0,0,0,0,3,5
Barra do Turvo,17,4,13,7,10,5,22,9
Barretos,716,789,628,257,239,470,829,595
Barrinha,82,91,79,45,38,49,55,43
Barueri,1097,1000,943,459,381,528,1644,1689
Bastos,47,25,38,14,13,15,21,27
Batatais,183,132,130,64,71,70,112,114
Bauru,1521,1313,1322,644,566,909,1442,1299
Bebedouro,284,253,214,101,108,139,218,151
Bento de Abreu,3,3,1,1,3,1,5,2
Bernardino de Campos,19,27,28,21,16,15,21,14
Bertioga,377,243,283,207,182,235,589,487
Bilac,9,8,5,7,8,1,6,2
Birigui,406,410,453,259,251,283,266,305
Biritiba Mirim,71,77,85,59,55,65,38,46
Boa Esperança do Sul,34,19,38,30,28,16,21,17
Bocaina,15,15,8,10,5,6,9,9
Bofete,7,8,6,5,3,10,10,13
Boituva,171,179,191,127,133,165,389,211
Bom Jesus dos Perdões,45,44,57,28,27,40,39,43
Bom Sucesso de Itararé,2,5,2,4,1,2,5,4
Borá,1,0,0,0,0,2,0,2
Boracéia,7,9,11,6,9,6,2,7
Borborema,19,23,42,22,22,17,19,18
Borebi,1,3,3,1,3,1,7,5
Botucatu,296,203,240,136,138,224,396,276
Bragança Paulista,580,523,433,237,224,253,708,575
Braúna,4,10,12,13,3,3,3,5
Brejo Alegre,2,5,2,2,2,4,3,4
Brodowski,59,83,87,32,27,41,55,37
Brotas,61,50,48,24,24,31,33,30
Buri,31,34,58,34,32,30,37,19
Buritama,42,46,33,31,26,31,16,19
Buritizal,8,6,9,10,2,2,9,7
Cabrália Paulista,9,10,5,3,4,0,5,8
Cabreúva,94,85,74,46,58,77,93,71
Caçapava,318,315,312,145,140,163,302,321
Cachoeira Paulista,75,78,71,33,37,42,42,55
Caconde,18,19,18,9,13,8,24,18
Cafelândia,37,35,18,14,16,14,18,11
Caiabu,3,4,1,4,0,1,2,1
Caieiras,282,384,367,166,144,182,302,292
Caiuá,1,8,4,0,1,1,1,3
Cajamar,299,319,281,142,165,173,532,465
Cajati,95,79,111,75,62,64,74,76
Cajobi,16,28,25,8,9,13,13,28
Cajuru,50,67,89,44,40,43,38,42
Campina do Monte Alegre,13,8,14,7,13,13,9,8
Campinas,7789,7106,6922,3370,2868,3581,9071,8027
Campo Limpo Paulista,386,428,356,233,149,255,290,267
Campos do Jordão,102,110,110,55,36,72,192,201
Campos Novos Paulista,10,0,7,3,3,6,10,3
Cananéia,41,37,30,30,12,20,40,28
Canas,8,5,10,6,8,4,11,24
Cândido Mota,35,42,80,36,41,45,46,51
Cândido Rodrigues,1,2,6,2,2,2,0,2
Canitar,13,6,13,9,4,6,8,12
Capão Bonito,144,115,148,52,71,91,105,71
Capela do Alto,44,22,30,21,25,35,31,46
Capivari,158,114,102,62,62,64,85,77
Caraguatatuba,724,741,632,298,259,308,719,706
Carapicuíba,2770,2520,2330,1026,915,975,2684,2719
Cardoso,57,44,23,24,20,23,17,15
Casa Branca,66,66,63,45,48,60,48,52
Cássia dos Coqueiros,4,5,3,1,1,1,1,6
Castilho,56,41,33,16,28,25,29,28
Catanduva,393,334,303,168,116,213,224,217
Catiguá,10,13,16,6,7,6,6,5
Cedral,16,19,20,24,11,29,31,14
Cerqueira César,43,18,17,6,27,26,35,34
Cerquilho,111,108,71,42,37,32,89,82
Cesário Lange,27,33,19,13,25,24,23,15
Charqueada,55,26,24,16,14,15,24,12
Chavantes,33,26,37,15,12,20,20,15
Clementina,17,15,11,9,8,2,15,7
Colina,60,30,43,12,12,30,25,15
Colômbia,18,27,21,12,8,17,16,14
Conchal,86,96,77,79,54,62,57,57
Conchas,19,21,29,7,15,23,29,20
Cordeirópolis,95,64,92,38,41,38,52,61
Coroados,8,5,6,3,3,3,7,8
Coronel Macedo,7,4,3,0,4,0,4,3
Corumbataí,7,8,3,6,4,2,6,6
Cosmópolis,364,286,266,116,101,140,174,138
Cosmorama,20,9,24,6,6,7,8,9
Cotia,1522,1572,1269,624,534,690,1503,1457
Cravinhos,83,87,85,62,37,36,70,55
Cristais Paulista,16,20,22,16,14,18,24,11
Cruzália,0,2,0,1,1,0,2,2
Cruzeiro,285,228,223,177,152,179,201,155
Cubatão,801,686,658,335,215,230,578,544
Cunha,37,39,19,20,17,12,14,22
Descalvado,85,70,64,33,44,56,62,51
Diadema,4854,4640,4866,2360,1638,2102,4390,3027
Dirce Reis,0,1,0,0,0,1,1,0
Divinolândia,21,18,15,7,6,6,9,14
Dobrada,12,14,4,4,4,4,6,9
Dois Córregos,47,48,58,39,40,47,44,30
Dolcinópolis,2,2,4,1,6,3,1,2
Dourado,13,12,10,5,6,3,13,15
Dracena,106,116,115,64,62,92,91,93
Duartina,21,12,21,11,20,10,13,13
Dumont,28,34,15,10,10,9,16,11
Echaporã,3,0,4,4,2,3,5,3
Eldorado,24,14,17,6,10,13,12,13
Elias Fausto,32,19,18,15,15,20,28,24
Elisiário,7,6,4,0,0,2,2,2
Embaúba,13,2,3,1,1,0,1,1
Embu das Artes,1217,929,809,429,416,356,1693,1804
Embu-Guaçu,245,245,342,185,185,166,268,200
Emilianópolis,0,2,0,1,1,1,0,0
Engenheiro Coelho,41,45,48,24,15,19,29,26
Espírito Santo do Turvo,8,10,11,9,14,6,2,2
Espírito Santo do Pinhal,89,94,96,30,43,50,68,59
Estiva Gerbi,42,21,38,17,22,21,21,21
Estrela d'Oeste,26,21,22,7,23,23,20,15
Estrela do Norte,2,3,7,1,1,1,2,0
Euclides da Cunha Paulista,13,14,16,6,6,5,5,5
Fartura,56,51,51,25,21,29,48,47
Fernando Prestes,10,7,6,1,4,3,7,5
Fernandópolis,262,195,205,120,100,143,162,150
Fernão,0,3,4,0,1,1,2,3
Ferraz de Vasconcelos,1199,1279,1256,631,466,539,1560,1274
Flora Rica,1,0,1,2,1,0,0,0
Floreal,4,5,5,4,1,3,1,2
Flórida Paulista,7,9,4,5,7,4,7,8
Florínea,4,9,8,4,3,2,6,1
Franca,1684,1356,1423,648,568,789,1261,973
Francisco Morato,708,690,774,466,475,518,866,843
Franco da Rocha,659,698,656,312,276,204,541,632
Gabriel Monteiro,1,1,0,1,4,1,0,4
Gália,12,17,14,8,7,12,8,11
Garça,122,133,121,66,45,104,84,71
Gastão Vidigal,4,2,3,5,4,1,3,5
Gavião Peixoto,8,4,5,7,1,2,12,5
General Salgado,8,12,13,7,9,8,15,8
Getulina,20,9,20,13,11,7,10,15
Glicério,7,2,2,2,1,5,17,6
Guaiçara,25,26,24,23,9,10,18,19
Guaimbê,14,3,10,4,8,11,9,21
Guaíra,222,132,144,83,54,59,61,73
Guapiaçu,36,47,41,26,28,36,28,37
Guapiara,16,15,12,20,9,18,9,28
Guará,100,80,82,36,28,43,58,66
Guaraçaí,8,5,13,2,6,1,9,3
Guaraci,24,16,25,18,10,13,17,20
Guarani d'Oeste,2,5,1,1,3,2,0,1
Guarantã,14,16,9,2,10,9,7,5
Guararapes,77,65,61,34,24,25,41,47
Guararema,105,84,91,35,53,50,94,84
Guaratinguetá,411,346,300,188,180,152,309,323
Guareí,43,23,27,19,14,15,12,14
Guariba,166,132,153,75,116,92,99,96
Guarujá,1808,1455,1403,872,661,717,2714,1787
Guarulhos,5644,5140,4609,2101,1587,2004,8829,8351
Guatapará,23,18,13,6,10,9,14,11
Guzolândia,3,7,8,7,3,5,5,5
Herculândia,16,14,16,7,7,7,5,3
Holambra,16,15,21,8,12,14,20,20
Hortolândia,1068,1008,1099,421,412,669,1336,1053
Iacanga,10,22,14,18,11,23,22,14
Iacri,3,8,4,1,4,7,6,6
Iaras,5,4,10,8,1,6,4,3
Ibaté,53,69,67,36,24,35,51,54
Ibirá,28,42,22,20,16,21,17,12
Ibirarema,16,7,4,4,15,4,11,6
Ibitinga,199,162,195,202,238,174,176,135
Ibiúna,229,195,161,101,116,119,193,184
Icém,11,19,14,7,9,2,11,8
Iepê,12,6,11,2,6,6,10,10
Igaraçu do Tietê,49,39,43,37,28,33,51,36
Igarapava,32,14,26,43,46,56,59,64
Igaratá,35,29,26,22,18,23,35,41
Iguape,119,100,123,73,53,65,81,64
Ilha Comprida,146,101,131,111,65,42,96,80
Ilha Solteira,127,90,61,18,29,38,82,78
Ilhabela,159,150,151,80,68,69,183,175
Indaiatuba,588,685,734,324,314,340,744,651
Indiana,6,5,2,3,6,1,5,5
Indiaporã,7,11,6,1,5,11,5,3
Inúbia Paulista,2,3,2,1,0,0,2,0
Ipaussu,37,20,37,14,12,20,11,16
Iperó,49,54,45,41,42,31,72,46
Ipeúna,16,19,35,16,8,5,13,4
Ipiguá,7,7,4,3,2,9,9,8
Iporanga,5,5,10,4,2,0,6,5
Ipuã,46,26,40,19,16,33,35,44
Iracemápolis,110,45,63,42,14,26,39,33
Irapuã,19,13,26,13,8,4,5,5
Irapuru,9,10,13,6,5,3,4,6
Itaberá,35,22,10,14,7,14,16,7
Itaí,66,46,46,20,23,31,18,20
Itajobi,17,21,31,13,15,13,11,30
Itaju,5,2,0,1,1,1,5,2
Itanhaém,1000,965,973,580,614,613,957,815
Itaoca,2,0,0,3,3,0,2,7
Itapecerica da Serra,860,711,736,562,609,739,1420,1253
Itapetininga,542,471,509,355,255,295,447,421
Itapeva,262,239,222,153,97,180,168,193
Itapevi,944,933,993,334,265,333,1129,1253
Itapira,174,142,155,109,107,96,132,132
Itapirapuã Paulista,3,0,3,3,3,3,2,0
Itápolis,100,75,124,48,62,64,60,72
Itaporanga,27,23,20,9,8,9,11,15
Itapuí,25,18,37,26,15,21,25,29
Itapura,7,8,15,2,7,8,4,3
Itaquaquecetuba,1775,1559,1835,1087,904,817,2753,2087
Itararé,170,127,109,58,49,109,118,79
Itariri,31,40,38,22,24,20,33,27
Itatiba,353,398,291,161,122,157,284,230
Itatinga,29,20,21,14,20,14,33,29
Itirapina,26,14,22,12,16,18,33,36
Itirapuã,8,7,15,7,7,3,6,10
Itobi,13,10,14,4,11,8,3,8
Itu,429,358,326,171,184,231,1265,1029
Itupeva,220,219,187,106,106,109,178,201
Ituverava,113,77,65,53,82,81,52,69
Jaborandi,4,4,7,3,4,9,10,8
Jaboticabal,417,357,309,136,118,172,268,208
Jacareí,939,862,801,401,355,317,782,760
Jaci,12,5,4,2,2,12,11,12
Jacupiranga,31,44,39,19,28,27,25,19
Jaguariúna,164,192,223,69,73,115,363,195
Jales,144,138,129,118,98,125,90,94
Jambeiro,16,10,8,10,5,15,10,13
Jandira,623,509,569,243,181,208,451,425
Jardinópolis,153,141,150,63,59,84,118,91
Jarinu,89,94,100,84,74,84,77,88
Jaú,355,326,332,174,166,240,329,290
Jeriquara,18,16,16,11,6,3,8,6
Joanópolis,29,35,21,23,17,18,26,23
João Ramalho,1,6,7,3,5,7,3,3
José Bonifácio,109,98,101,73,59,67,66,53
Júlio Mesquita,3,6,5,7,3,4,3,2
Jumirim,3,2,1,3,0,2,5,4
Jundiaí,1719,1484,1597,654,441,783,1967,1658
Junqueirópolis,25,16,20,10,12,12,25,16
Juquiá,58,54,59,40,31,50,67,53
Juquitiba,93,108,104,63,72,89,96,117
Lagoinha,9,4,4,2,1,6,13,6
Laranjal Paulista,52,51,46,29,39,28,48,33
Lavínia,7,12,8,9,4,0,6,4
Lavrinhas,13,8,6,2,3,5,9,4
Leme,402,406,354,265,203,270,276,252
Lençóis Paulista,192,163,108,97,103,77,156,96
Limeira,1009,999,1072,557,547,766,1312,1217
Lindóia,11,12,7,7,6,7,8,8
Lins,336,374,323,224,153,225,186,200
Lorena,350,311,236,116,115,105,212,233
Lourdes,2,2,6,1,1,3,1,0
Louveira,175,130,137,87,46,73,105,86
Lucélia,34,17,21,15,18,21,20,14
Lucianópolis,2,1,0,0,0,0,2,2
Luís Antônio,27,34,26,8,14,13,20,18
Luiziânia,3,5,3,5,4,7,4,2
Lupércio,3,1,8,2,2,1,0,3
Lutécia,5,5,2,1,1,2,1,2
Macatuba,26,28,28,9,16,22,16,17
Macaubal,16,18,15,9,8,4,6,7
Macedônia,7,9,0,3,4,3,2,5
Magda,5,2,2,1,2,3,0,1
Mairinque,113,120,100,49,52,71,91,89
Mairiporã,461,413,375,209,207,230,321,394
Manduri,6,8,6,3,6,1,7,2
Marabá Paulista,1,1,2,1,0,2,0,0
Maracaí,32,21,16,15,20,9,10,10
Marapoama,1,3,3,1,1,4,82,2
Mariápolis,3,1,1,0,1,1,1,2
Marília,827,661,591,458,395,407,571,586
Marinópolis,0,0,0,0,1,0,0,0
Martinópolis,36,24,12,9,17,19,29,28
Matão,177,181,182,94,87,171,180,110
Mauá,2123,2358,2203,911,715,1058,2938,2461
Mendonça,6,11,10,2,4,8,8,7
Meridiano,1,2,3,3,1,3,1,3
Mesópolis,0,6,1,3,2,5,1,1
Miguelópolis,63,65,54,23,44,79,77,45
Mineiros do Tietê,16,11,18,14,10,9,12,12
Mira Estrela,7,8,6,3,7,4,8,5
Miracatu,129,99,126,84,61,61,108,83
Mirandópolis,49,40,60,13,21,31,28,32
Mirante do Paranapanema,25,23,33,16,16,24,13,9
Mirassol,140,150,164,84,106,101,167,128
Mirassolândia,9,14,7,7,6,8,5,4
Mococa,119,124,137,100,92,129,177,151
Mogi das Cruzes,1241,1293,1397,772,625,829,2204,1911
Mogi Guaçu,752,639,656,312,306,404,521,404
Mogi Mirim,386,325,394,186,149,124,267,260
Mombuca,4,4,7,3,2,5,4,4
Monções,3,9,1,0,0,1,2,1
Mongaguá,766,614,589,339,288,353,818,647
Monte Alegre do Sul,10,6,9,3,1,6,8,3
Monte Alto,131,129,161,57,48,78,93,92
Monte Aprazível,49,65,64,27,38,33,27,36
Monte Azul Paulista,46,30,27,21,17,26,26,15
Monte Castelo,11,2,6,2,4,4,3,4
Monte Mor,215,209,175,110,116,151,213,171
Monteiro Lobato,4,4,3,4,3,3,7,9
Morro Agudo,97,79,77,36,15,58,110,86
Morungaba,17,40,21,8,9,16,9,12
Motuca,8,8,7,2,5,2,5,2
Murutinga do Sul,5,3,5,2,1,1,5,1
Nantes,0,0,1,0,9,0,5,2
Narandiba,10,4,6,1,7,10,7,5
Natividade da Serra,7,4,8,2,3,1,8,5
Nazaré Paulista,54,35,32,17,20,21,47,34
Neves Paulista,19,8,14,4,5,7,11,9
Nhandeara,22,12,22,11,9,14,13,16
Nipoã,19,18,15,6,9,6,6,8
Nova Aliança,9,16,13,3,12,8,7,2
Nova Campina,8,6,7,4,2,6,11,11
Nova Canaã Paulista,0,1,1,0,0,1,3,0
Nova Castilho,1,1,0,0,1,0,0,0
Nova Europa,24,24,18,10,17,11,9,15
Nova Granada,32,43,31,30,29,33,31,17
Nova Guataporanga,7,6,5,0,4,1,2,1
Nova Independência,7,3,8,7,2,3,8,6
Nova Luzitânia,8,7,2,3,2,1,1,2
Nova Odessa,204,177,191,81,73,118,189,174
Novais,5,9,5,5,2,1,2,4
Novo Horizonte,94,103,131,77,73,119,86,73
Nuporanga,20,16,14,9,10,11,7,7
Ocauçu,7,6,5,5,7,1,4,1
Óleo,0,2,3,2,1,1,1,2
Olímpia,265,214,172,77,57,104,135,127
Onda Verde,10,9,13,9,6,3,7,3
Oriente,5,7,5,4,6,5,5,5
Orindiúva,14,11,9,0,7,4,8,2
Orlândia,102,88,65,37,23,48,72,63
Osasco,5668,5019,3886,1735,1518,1628,6519,5083
Oscar Bressane,1,1,2,1,2,2,3,1
Osvaldo Cruz,63,74,55,34,34,49,34,33
Ourinhos,455,345,434,156,168,188,236,230
Ouro Verde,8,16,4,4,11,2,8,5
Ouroeste,21,15,16,19,26,15,8,12
Pacaembu,15,5,15,7,6,3,10,10
Palestina,17,14,15,6,11,8,7,2
Palmares Paulista,13,22,6,3,2,9,4,4
Palmeira d'Oeste,4,7,8,2,4,15,6,5
Palmital,64,33,35,17,20,37,42,30
Panorama,37,27,78,40,19,28,35,29
Paraguaçu Paulista,117,149,102,52,49,48,58,42
Paraibuna,33,39,37,16,19,19,35,25
Paraíso,3,6,10,4,3,6,4,0
Paranapanema,40,29,20,8,11,12,12,31
Paranapuã,8,3,4,3,6,4,3,3
Parapuã,18,18,20,20,18,18,20,10
Pardinho,12,7,6,4,2,4,9,17
Pariquera-Açu,45,52,41,25,14,24,19,34
Parisi,5,2,9,5,1,4,6,8
Patrocínio Paulista,35,50,44,28,19,32,36,35
Paulicéia,5,2,1,3,3,4,9,4
Paulínia,554,438,461,250,238,327,402,377
Paulistânia,0,0,1,0,0,3,2,2
Paulo de Faria,17,18,8,3,5,2,2,2
Pederneiras,110,87,81,55,70,68,134,97
Pedra Bela,10,6,7,0,2,7,5,7
Pedranópolis,1,0,2,2,1,6,2,0
Pedregulho,81,44,64,30,20,27,26,38
Pedreira,88,89,91,38,46,70,67,63
Pedrinhas Paulista,4,2,7,4,1,1,0,2
Pedro de Toledo,11,15,17,7,14,19,21,20
Penápolis,168,129,173,122,77,123,92,84
Pereira Barreto,70,51,45,29,22,24,36,37
Pereiras,19,14,4,3,11,6,12,10
Peruíbe,602,568,572,289,313,347,583,482
Piacatu,9,8,15,4,3,4,6,4
Piedade,78,93,96,44,37,44,70,84
Pilar do Sul,47,42,49,25,23,40,44,28
Pindamonhangaba,724,612,566,284,184,222,497,395
Pindorama,32,35,19,14,13,14,16,11
Pinhalzinho,16,17,14,8,10,10,15,13
Piquerobi,7,3,5,1,2,2,2,3
Piquete,37,26,26,19,11,19,24,16
Piracaia,48,51,39,28,21,35,49,27
Piracicaba,1311,1238,1183,558,573,621,1297,1218
Piraju,60,59,80,30,29,25,33,44
Pirajuí,35,29,43,16,7,26,19,35
Pirangi,19,21,21,17,13,18,25,16
Pirapora do Bom Jesus,61,61,46,29,24,20,30,31
Pirapozinho,30,30,35,19,16,29,42,27
Pirassununga,208,225,210,94,75,121,174,147
Piratininga,32,30,19,17,18,10,30,26
Pitangueiras,137,141,83,23,32,41,73,52
Planalto,16,13,5,9,6,4,6,5
Platina,4,5,1,3,2,0,0,2
Poá,683,683,681,395,371,312,883,976
Poloni,8,14,7,6,7,11,8,3
Pompéia,36,26,22,12,9,18,17,16
Pongaí,3,6,2,0,3,2,4,0
Pontal,101,98,98,58,33,58,62,73
Pontalinda,10,6,15,4,5,8,1,6
Pontes Gestal,0,8,2,1,1,0,3,4
Populina,6,8,1,6,1,3,1,4
Porangaba,6,17,16,12,4,10,18,11
Porto Feliz,110,80,89,32,17,46,129,92
Porto Ferreira,210,140,175,77,68,110,146,126
Potim,62,24,28,18,10,12,39,24
Potirendaba,36,46,47,34,32,55,27,36
Pracinha,1,2,3,1,1,0,0,0
Pradópolis,35,41,23,19,17,27,36,30
Praia Grande,2940,2320,2185,1043,808,821,4120,3969
Pratânia,4,9,2,7,5,7,4,8
Presidente Alves,2,5,2,1,1,1,2,1
Presidente Bernardes,13,10,14,3,5,5,5,5
Presidente Epitácio,79,97,86,48,33,81,90,88
Presidente Prudente,852,810,742,304,303,455,634,678
Presidente Venceslau,49,54,50,22,30,45,38,19
Promissão,120,123,118,60,55,73,69,57
Quadra,2,3,3,2,0,0,7,8
Quatá,11,2,11,10,11,13,8,13
Queiroz,15,9,5,5,6,3,5,3
Queluz,42,33,35,22,19,23,33,22
Quintana,13,11,2,7,4,5,2,4
Rafard,19,14,11,4,0,5,12,7
Rancharia,71,80,82,32,42,52,60,30
Redenção da Serra,5,6,4,0,3,0,6,7
Regente Feijó,33,9,16,5,9,20,27,18
Reginópolis,3,4,3,0,1,6,6,10
Registro,201,181,218,130,121,140,149,170
Restinga,10,9,11,8,12,15,13,17
Ribeira,1,0,0,0,0,3,2,0
Ribeirão Bonito,18,13,8,17,17,11,13,17
Ribeirão Branco,14,10,19,7,16,15,17,23
Ribeirão Corrente,6,6,5,2,4,2,0,1
Ribeirão do Sul,8,5,10,5,7,2,3,5
Ribeirão Grande,6,2,11,2,4,3,5,5
Ribeirão dos Índios,3,2,0,0,0,0,0,0
Ribeirão Pires,528,529,458,191,192,281,415,375
Ribeirão Preto,3668,3517,3233,934,557,700,4228,3451
Rifaina,6,2,4,8,3,9,20,8
Rincão,26,27,17,9,12,11,6,11
Rinópolis,13,5,9,4,7,10,14,5
Rio Claro,844,795,693,546,328,363,660,541
Rio das Pedras,108,86,92,40,35,46,56,48
Rio Grande da Serra,166,116,122,54,57,80,100,77
Riolândia,21,22,12,12,12,13,13,21
Riversul,12,9,15,7,4,4,7,5
Rosana,29,22,30,6,3,5,17,28
Roseira,31,28,17,16,11,11,21,29
Rubiácea,2,3,1,2,0,1,4,1
Rubinéia,3,5,2,2,3,2,4,8
Santa Adélia,16,15,12,8,13,16,27,7
Santa Albertina,6,4,7,4,5,6,2,4
Santo Anastácio,21,35,14,11,12,7,13,8
Santo André,4802,4726,4171,1785,1425,1934,7716,6921
Santo Antônio da Alegria,17,18,19,10,9,14,5,4
Santo Antônio do Aracanguá,6,12,11,3,5,6,10,10
Santo Antônio de Posse,65,36,48,23,18,30,42,31
Santo Antônio do Jardim,9,7,8,4,5,1,18,9
Santo Antônio do Pinhal,21,12,13,4,10,5,16,12
Santa Bárbara d'Oeste,511,455,480,251,200,230,441,380
São Bento do Sapucaí,16,7,12,7,10,5,10,13
São Bernardo do Campo,5650,5258,5062,2215,1828,2302,6624,5401
Santa Branca,41,30,22,11,18,26,24,25
São Caetano do Sul,1136,1054,1130,586,422,581,1194,1096
São Carlos,976,734,670,431,317,391,1229,1143
Santa Clara d'Oeste,2,3,0,4,0,4,3,1
Santa Cruz da Conceição,8,11,3,3,4,5,10,7
Santa Cruz da Esperança,5,4,3,2,2,1,4,1
Santa Cruz das Palmeiras,112,64,83,42,40,37,42,39
Santa Cruz do Rio Pardo,162,85,72,56,60,76,107,92
Santa Ernestina,7,9,7,3,4,7,9,8
Santo Expedito,10,4,3,2,3,2,1,1
Santa Fé do Sul,154,130,132,84,82,99,113,78
São Francisco,1,2,3,2,0,1,1,1
Santa Gertrudes,41,30,44,19,11,19,38,31
Santa Isabel,239,216,202,81,89,98,170,92
São João da Boa Vista,213,216,267,130,108,154,219,184
São João de Iracema,1,1,1,0,0,2,1,2
São João do Pau d'Alho,2,1,0,0,0,0,1,1
São João das Duas Pontes,5,4,2,3,0,4,2,0
São Joaquim da Barra,172,138,120,80,86,97,106,91
São José da Bela Vista,19,18,14,14,6,10,14,10
São José do Barreiro,5,3,3,2,1,4,6,4
São José do Rio Pardo,113,143,116,42,49,66,82,66
São José do Rio Preto,1900,1843,1705,897,715,1022,2211,2087
São José dos Campos,2969,2666,2285,888,721,801,2735,2310
São Lourenço da Serra,60,65,61,29,23,25,60,38
Santa Lúcia,12,11,6,7,1,2,6,7
São Luiz do Paraitinga,26,25,21,8,7,10,21,18
São Manuel,92,65,76,49,71,80,62,91
Santa Maria da Serra,8,10,19,14,14,6,5,8
Santa Mercedes,4,2,7,1,1,2,0,3
São Miguel Arcanjo,109,92,71,43,52,49,50,31
São Paulo,255145,260452,301357,256047,282935,310572,215197,183331
São Pedro,118,88,87,42,39,51,63,66
São Pedro do Turvo,14,13,19,10,2,5,8,7
Santa Rita d'Oeste,2,4,2,1,0,1,0,0
Santa Rita do Passa Quatro,58,46,74,24,21,36,38,47
São Roque,256,184,223,108,94,131,235,223
Santa Rosa de Viterbo,42,37,32,20,21,21,37,19
Santa Salete,1,0,1,0,0,1,1,0
São Sebastião,376,321,290,177,144,168,405,361
São Sebastião da Grama,14,12,7,12,10,17,11,11
São Simão,34,30,38,14,6,25,28,25
São Vicente,2026,1759,1748,937,635,802,2844,2700
Sabino,8,24,13,14,9,9,18,12
Sagres,0,2,0,3,2,0,1,0
Sales,26,17,14,9,6,5,10,10
Sales Oliveira,11,20,9,7,5,5,16,14
Salesópolis,30,30,30,15,16,17,28,31
Salmourão,3,7,4,1,3,4,6,2
Saltinho,14,18,13,14,5,7,9,9
Salto,194,209,168,117,78,114,265,205
Salto de Pirapora,81,93,91,47,34,60,86,84
Salto Grande,33,18,17,8,15,13,21,22
Sandovalina,9,8,7,2,4,5,6,8
Santana da Ponte Pensa,0,0,0,0,0,0,0,2
Santana de Parnaíba,246,284,252,151,138,137,357,359
Santópolis do Aguapeí,4,12,8,7,5,2,2,3
Santos,2366,2105,1802,913,727,944,3215,2593
Sarapuí,24,18,13,20,15,10,17,16
Sarutaiá,4,6,1,5,4,1,6,5
Sebastianópolis do Sul,8,4,0,3,2,6,6,2
Serra Azul,17,12,12,14,6,9,16,15
Serra Negra,63,60,85,37,36,47,33,54
Serrana,147,149,174,67,59,92,108,105
Sertãozinho,585,408,407,167,184,220,335,249
Sete Barras,30,22,27,20,9,19,18,13
Severínia,36,18,12,10,8,12,17,19
Silveiras,8,5,1,3,1,3,4,5
Socorro,75,50,56,27,22,35,58,62
Sorocaba,2778,2324,2014,704,329,559,3194,3031
Sud Mennucci,18,10,12,7,6,12,10,8
Sumaré,1345,1343,1204,625,707,939,1524,1172
Suzanápolis,3,3,1,4,2,1,0,4
Suzano,1473,1609,1364,698,584,837,2139,1895
Tabapuã,17,11,19,7,6,26,12,9
Tabatinga,15,17,30,21,34,17,11,15
Taboão da Serra,1709,1947,1811,828,567,500,2154,1929
Taciba,4,13,8,6,3,2,3,11
Taguaí,50,46,25,25,11,12,12,16
Taiaçu,11,11,11,11,10,9,4,19
Taiúva,10,9,6,7,9,5,13,9
Tambaú,51,40,35,33,39,37,27,35
Tanabi,56,56,63,43,42,50,44,50
Tapiraí,5,14,8,7,9,10,11,10
Tapiratiba,35,14,6,11,15,3,21,5
Taquaral,3,2,3,0,2,2,5,4
Taquaritinga,130,155,176,108,58,100,110,84
Taquarituba,114,49,49,27,40,42,57,25
Taquarivaí,1,5,7,2,3,6,9,5
Tarabai,20,14,8,9,4,9,8,5
Tarumã,37,25,32,15,26,12,12,11
Tatuí,325,292,204,109,111,172,237,266
Taubaté,1367,1227,1192,536,428,620,1374,1263
Tejupá,6,6,5,2,0,1,4,4
Teodoro Sampaio,31,46,31,26,17,20,24,21
Terra Roxa,12,16,9,4,7,14,5,12
Tietê,93,81,55,23,36,56,45,54
Timburi,2,1,0,1,0,0,3,2
Torre de Pedra,0,0,1,0,0,0,1,1
Torrinha,12,12,13,13,16,11,13,14
Trabiju,2,1,0,0,3,3,2,2
Tremembé,100,64,78,63,37,36,85,86
Três Fronteiras,11,10,15,9,3,6,5,6
Tuiuti,14,13,10,9,10,8,15,6
Tupã,156,164,151,73,91,101,94,94
Tupi Paulista,22,22,20,13,18,8,16,9
Turiúba,1,1,1,1,0,1,3,1
Turmalina,2,2,2,1,1,0,1,0
Ubarana,21,8,7,5,6,7,7,16
Ubatuba,488,332,392,285,182,249,693,532
Ubirajara,19,10,11,8,7,4,8,5
Uchoa,25,5,8,10,13,9,13,6
União Paulista,0,3,3,1,1,0,0,1
Urânia,11,8,6,2,4,8,9,11
Uru,1,1,2,1,0,1,3,3
Urupês,20,24,20,13,7,15,17,14
Valentim Gentil,34,32,28,24,14,18,22,19
Valinhos,302,295,336,152,114,169,376,331
Valparaíso,24,47,35,19,25,33,57,46
Vargem,21,21,28,18,11,7,21,15
Vargem Grande do Sul,100,103,107,90,80,91,73,57
Vargem Grande Paulista,143,147,131,83,64,90,170,156
Várzea Paulista,401,446,386,220,186,202,348,323
Vera Cruz,12,15,15,11,11,14,21,10
Vinhedo,198,228,224,122,80,112,231,235
Viradouro,64,33,27,37,30,18,16,20
Vista Alegre do Alto,8,11,10,8,5,14,11,4
Vitória Brasil,2,0,0,0,0,0,1,2
Votorantim,332,254,245,141,102,139,260,274
Votuporanga,351,242,311,191,156,224,236,229
Zacarias,5,4,10,6,0,3,4,1
